{
  "offensive_model": {
    "parameters": {
      "colsample_bytree": 0.6147287470543965,
      "gamma": 0.0669260594003166,
      "learning_rate": 0.014101589448099186,
      "max_depth": 9,
      "min_child_weight": 6,
      "n_estimators": 246,
      "reg_alpha": 0.9997176732861306,
      "reg_lambda": 0.9966368370739054,
      "subsample": 0.822172682241051
    },
    "metrics": {
      "train": {
        "rmse": 1.25390482988372,
        "mae": 0.7373228336343227,
        "r2": 0.8367476262138649
      },
      "validation": {
        "rmse": 2.2166702372173703,
        "mae": 1.2766682324411824,
        "r2": 0.48823976421469284
      },
      "test": {
        "rmse": 2.444926023590357,
        "mae": 1.321565815240811,
        "r2": 0.518550650677975
      }
    }
  },
  "defensive_model": {
    "parameters": {
      "colsample_bytree": 0.8363333042276043,
      "gamma": 0.015250124969524714,
      "learning_rate": 0.021204456624764327,
      "max_depth": 8,
      "min_child_weight": 6,
      "n_estimators": 493,
      "reg_alpha": 0.3266512417960409,
      "reg_lambda": 0.8278690037875887,
      "subsample": 0.7086171663278967
    },
    "metrics": {
      "train": {
        "rmse": 1.571107409775858,
        "mae": 1.0166247278929024,
        "r2": 0.7179537600953039
      },
      "validation": {
        "rmse": 2.3833533956863264,
        "mae": 1.4075485968324117,
        "r2": 0.37008367452262636
      },
      "test": {
        "rmse": 2.445922368536947,
        "mae": 1.4745111119749217,
        "r2": 0.3414243431935896
      }
    }
  }
}